  1730	Perttu Ahola <celeron55@gmail.com>
   372	kwolekr <kwolekr@minetest.net>
   316	sapier <Sapier at GMX dot net>
   218	Kahrl <kahrl@gmx.net>
   192	PilzAdam <pilzadam@minetest.net>
   185	Nils Dagsson Moskopp <nils@dieweltistgarnichtso.net>
   177	ShadowNinja <shadowninja@minetest.net>
   117	Loic Blot <loic.blot@unix-experience.fr>
   108	Craig Robbins <kde.psych@gmail.com>
    97	Giuseppe Bilotta <giuseppe.bilotta@gmail.com>
    81	RealBadAngel <maciej.kasatkin@o2.pl>
    81	sfan5 <sfan5@live.de>
    65	proller <proller@github.com>
    63	paramat <mat.gregory@virginmedia.com>
    59	BlockMen <nmuelll@web.de>
    59	Ilya Zhuravlev <zhuravlevilya@ya.ru>
    57	est31 <MTest31@outlook.com>
    55	OttoLidenbrock <unknown>
    44	Constantin Wenger <constantin.wenger@googlemail.com>
    35	Novatux <nathanael.courant@laposte.net>
    30	Maksim Gamarnik <MoNTE48@mail.ua>
    30	MirceaKitsune <sonichedgehog_hyperblast00@yahoo.com>
    29	Ciaran Gultnieks <ciaran@ciarang.com>
    23	4aiman Konsorumaniakku <4aiman@inbox.ru>
    22	Diego Martínez <kaeza@users.sf.net>
    22	SmallJoker <mk939@ymail.com>
    21	darkrose <lisa@ltmnet.com>
    19	Weblate <42@minetest.ru>
    18	JacobF <queatz@gmail.com>
    15	Jürgen Doser <jurgen.doser@gmail.com>
    15	Matthew I <matttpt@gmail.com>
    13	Shen Zheyu <arsdragonfly@gmail.com>
    13	ngosang <diegodelasheras@gmail.com>
    11	Calinou <calinou9999@gmail.com>
    11	Jeija <norrepli@gmail.com>
    11	Rui <Rui914@users.noreply.github.com>
    10	Aaron Suen <warr1024@gmail.com>
    10	Anton Tsyganenko <anton-tsyganenko@yandex.ru>
    10	Mark Holmquist <marktraceur@gmail.com>
    10	MetaDucky <metaducky AT gmail DOT com>
    10	rubenwardy <rubenwardy@gmail.com>
    10	teddydestodes <derkomtur@schattengang.net>
     9	Esteban I. Ruiz Moreno <exio4.com@gmail.com>
     9	gregorycu <gregory.currie@gmail.com>
     8	0gb.us <0gb.us@0gb.us>
     8	Felix Krause <flyx@isobeef.org>
     8	Francizca Rodriguez <joaoadriano3@gmail.com>
     8	Jonathan Neuschäfer <j.neuschaefer@gmx.net>
     7	Mitori Itoshiki <mito551@gmail.com>
     7	Selat <LongExampleTestName@gmail.com>
     7	Zeg9 <dazeg9@gmail.com>
     6	Chynggyz Jumaliev <translatorky@lavabit.com>
     6	DannyDark <the_skeleton_of_a_child@yahoo.co.uk>
     6	Dmitry Marakasov <amdmi3@amdmi3.ru>
     6	Frederico Guimarães <frederico@teia.bio.br>
     6	Jakub Vaněk <vanek.jakub4@seznam.cz>
     6	Kodexky <kodexky@gmail.com>
     6	Pavel Puchkin <i@neoascetic.me>
     6	Sebastian Rühl <bahamada_basti@yahoo.de>
     6	SmallJoker <st.rentsch@hotmail.com>
     6	manuel duarte <ffrogger0@yahoo.com>
     5	Lord James <neftali_dtctv@hotmail.com>
     5	Marco gonzalez <socramazibi@gmx.es>
     5	Markus Koschany <apo@gambaru.de>
     5	Vanessa Ezekowitz <vanessaezekowitz@gmail.com>
     4	Calinou <calinou@opmbx.org>
     4	Cyriaque Skrapits <cyriaque@Ferm.(none)>
     4	Juhani Numminen <juhaninumminen0@gmail.com>
     4	Pavel Elagin <elagin.pasha@gmail.com>
     4	TeTpaAka <TeTpaAka@users.noreply.github.com>
     4	TriBlade9 <triblade9@mail.com>
     4	Weedy <weedy2887@gmail.com>
     4	Zefram <zefram@fysh.org>
     4	fz72 <fz72@gmx.de>
     4	khonkhortisan <khonkhortisan@gmail.com>
     4	nerzhul <loic.blot@unix-experience.fr>
     4	q66 <quaker66@gmail.com>
     3	Andreas Zwinkau <qznc@go.to>
     3	Bektur Mambetov <bektur@softwell.ru>
     3	Diego Martínez <kaeza@users.noreply.github.com>
     3	Heisenberg CZE <w.heisenberg@seznam.cz>
     3	Kevin Ott <supercodingmonkey@gmail.com>
     3	King Artur <david1989mail@yahoo.com>
     3	Ner'zhul <nerzhul@users.noreply.github.com>
     3	Pablo Lezaeta <prflr88@gmail.com>
     3	Wuzzy <almikes@aol.com>
     3	kilbith <jeanpatrick.guerrero@gmail.com>
     3	obneq <obbneq@gmail.com>
     3	stujones11 <stujones11@server.fake>
     3	unknown <gregory.currie@gmail.com>
     2	David Gumberg <davidzgumberg@gmail.com>
     2	Diego Martínez <lkaezadl3@yahoo.com>
     2	Dêivan Ortiz Munhoz <deivan@novoseusadosinformatica.com.br>
     2	Fabio Luongo <e249260@rmqkr.net>
     2	Ilya Pavlov <TTChangeTheWorld@gmail.com>
     2	Jabo Babo <bb7b@gmx.de>
     2	Jiří Procházka <ojirio@gmail.com>
     2	Jonas Kriaučiūnas <jonukas@gmail.com>
     2	L JJ <986869429@qq.com>
     2	LS-Steeef <ls@steeef.nl>
     2	LeMagnesium <mg.minetest@gmail.com>
     2	Mahmut Elmas <mahmutelmas06@hotmail.com>
     2	Megaf <mmegaf@gmail.com>
     2	Mitchell Ward <mitchie1234@hotmail.com>
     2	MrLoom <MrLoom@soeinfachistdas.net>
     2	Muhammad Rifqi Priyo Susanto <muhammadrifqipriyosusanto@gmail.com>
     2	Petr Hála <halapetr@selfnet.cz>
     2	Ragnar Laud <ragnarlaud@gmail.com>
     2	Robert Arkenin <rarkenin@gmail.com>
     2	Rutger NL <r.minetest@rutger.nl>
     2	Sasikaa Lacikaa <sasikaa@gmail.com>
     2	Sergey Gilfanov <inkelyad@gmail.com>
     2	Sokomine <wegwerf@anarres.dyndns.org>
     2	Thomas Lauro <frozon@gmail.com>
     2	Tomona Nanase <alpha.sohoh@gmail.com>
     2	Vladimir a <c-vld@ya.ru>
     2	hasufell <hasufell@posteo.de>
     2	jeanpatrick.guerrero@gmail.com <jeanpatrick.guerrero@gmail.com>
     2	srifqi <muhammadrifqipriyosusanto@gmail.com>
     1	(@U-Exp) <(@U-Exp)>
     1	4Evergreen4 <eljohnson@frontier.com>
     1	4Evergreen4 <everett@mcjohnso.com>
     1	?????? ???????? <Martin_Devil@mail.ru>
     1	Anthony <azhang9@gmail.com>
     1	Anton <vob999@bk.ru>
     1	AntonBoch1244 <AntonBoch12.44@gmail.com>
     1	Artem Sinkevich <artsin666@gmail.com>
     1	Bad-Command <Corey.Edmunds@gmail.com>
     1	Brandon <brandon@bremaweb.com>
     1	Brent Hull <bhull2010@live.com>
     1	Casimir <jul.lutz@gmx.net>
     1	Christophe Piveteau <chripiveteau@gmail.com>
     1	Chyngyz Dzhumaliev <localhost@housemail.com>
     1	Craig Davison <craig.davison3@gmail.com>
     1	Cy <whatever>
     1	Daniel Ziolkowski <ziolkoneo@gmail.com>
     1	Dany Cuartiella <kaiosown@gmail.com>
     1	David Thompson <dthompson2@worcester.edu>
     1	Dániel Varga <vargad88@gmail.com>
     1	Enki <Enki4@users.noreply.github.com>
     1	FessWolf <fesswolf10@gmail.com>
     1	Frantisek Simorda <frantisek.simorda@gmail.com>
     1	Garrosh <Samuel.Comeau@usherbrooke.ca>
     1	Jay Arndt <jayarn27182@windstream.net>
     1	Jonathon Anderson <anderjon@umail.iu.edu>
     1	Joshua Beck <jxb091000@utdallas.edu>
     1	João Farias <jgfd@cin.ufpe.br>
     1	KodexKy <kodexky@gmail.com>
     1	Kyle <kyle.kylina@gmail.com>
     1	Leonardo Costa <k95leo@gmail.com>
     1	Mario Barrera <alley.marius@gmail.com>
     1	Markus Lehmann <lolxd751@gmail.com>
     1	Martin Doege <mdoege@compuserve.com>
     1	Matthew Bekkema <mbekkema97@gmail.com>
     1	Me Moala <moala@online.fr>
     1	Miguel Almeida <migaxmoitax@gmail.com>
     1	Mikaela Suomalainen <mikaela.suomalainen@outlook.com>
     1	Mukul Sati <mukulsati@gmail.com>
     1	Mushiden <mushiden@hotmail.com>
     1	Nicola Spanti <rydroid_trans@yahoo.fr>
     1	Oleg Matveev <gkotolegokot@gmail.com>
     1	PenguinDad <tamarok40@gmail.com>
     1	Rafael Reilova <rafael7@users.noreply.github.com>
     1	Rui914 <mrrst0914@gmail.com>
     1	Rune Biskopstö Christensen <lakersforce@gmail.com>
     1	Russ <russplaysguitar@yahoo.com>
     1	Ryan Newell <thekingdoof@gmail.com>
     1	Sindre Tellevik <graknol@gmail.com>
     1	Splizard <quentin@squeezedoranges.com>
     1	Stefan Beller <stefanbeller@gmail.com>
     1	Steven Smith <stevensmith.ome@gmail.com>
     1	Tomas Brod <tomasbrod@azet.sk>
     1	Vincent Heuken <vincent@vincentheuken.com>
     1	William Strealy <wilstrealy@gmail.com>
     1	William Teder <william@cboos.com>
     1	Wolfgang Fellger <wf@isobeef.org>
     1	Wouters Dorian <thegravgun@gmail.com>
     1	Yaman <ybq987@gmail.com>
     1	Zeno- <kde.psych@gmail.com>
     1	b p <bp.atlarge@gmail.com>
     1	bcnjr5 <bcnjr5@gmail.com>
     1	berkut <berkut87@gmail.com>
     1	c h <akerunakayama@gmail.com>
     1	donat_b <donat@openmailbox.com>
     1	dvere <dvere@users.noreply.github.com>
     1	eduardojsm <eduardojuniosm@gmail.com>
     1	fairiestoy <johannesvk@web.de>
     1	fishyWET <fishyWET@hotmail.com>
     1	gregorycu <none@none.none>
     1	hdastwb <hdastwb@hdastwb.heliohost.org>
     1	jordan4ibanez <jordan4ibanez@gmail.com>
     1	mahmutelmas06 <mahmutelmas06@users.noreply.github.com>
     1	mich1 <szgyyy@gmail.com>
     1	mimilus <mimilus@users.noreply.github.com>
     1	onkrot <vob999@bk.ru>
     1	pandoro almascarpone <padarogames@gmail.com>
     1	poet-nohit <poet.nohit@gmail.com>
     1	sruz25 <sruz25cz@gmail.com>
     1	sub reptice <subreptice@mailoo.org>
     1	tenplus1 <tenplus1@users.noreply.github.com>
     1	v c <vicente.camolas@gmail.com>
     1	yuqian wang <dreamofnudt@gmail.com>
     1	Сергей Голубев <seria-2@mail.ru>
